{"cameraMode":{"drawMode":0,"name":"Shaded","section":"Shading Mode"},"sceneLighting":true,"audioPlay":false,"sceneViewState":{"m_AlwaysRefresh":false,"showFog":true,"showSkybox":true,"showFlares":true,"showImageEffects":true,"showParticleSystems":true,"showVisualEffectGraphs":true,"m_FxEnabled":true},"in2DMode":false,"pivot":{"x":-3.1152405738830568,"y":3.8020079135894777,"z":0.029432296752929689},"rotation":{"x":0.004408123437315226,"y":0.20111766457557679,"z":-0.0009048135834746063,"w":0.979561448097229},"size":10.971790313720704,"orthographic":false}