{"cameraMode":{"drawMode":0,"name":"Shaded","section":"Shading Mode"},"sceneLighting":false,"audioPlay":false,"sceneViewState":{"m_AlwaysRefresh":false,"showFog":true,"showSkybox":false,"showFlares":true,"showImageEffects":true,"showParticleSystems":true,"showVisualEffectGraphs":true,"m_FxEnabled":true},"in2DMode":false,"pivot":{"x":-7.9090471267700199,"y":-0.16685211658477784,"z":1.3614485263824463},"rotation":{"x":0.1669684201478958,"y":0.053214456886053088,"z":-0.00902402400970459,"w":0.9844918847084045},"size":3.424999713897705,"orthographic":false}